layer,pytorch_ms,triton_ms,fp32_ms,speedup_vs_pytorch,speedup_vs_fp32,max_q_diff,max_l_diff,max_u_diff,exact_match,mismatch_count,fallback_rate,ambiguous_rate,row_certification_rate,certified_keep_rate,certified_drop_rate
8,9.1241,6.0055,0.3575,1.5193,0.0595,0.00024414,0.00024414,0.00024414,True,0,0.262052,0.262052,0.120536,0.512175,0.487825
12,9.1389,6.0189,0.3557,1.5184,0.0591,0.00000954,0.00000954,0.00000954,True,0,0.090765,0.090765,0.163504,0.505999,0.494001
16,9.0982,6.0014,0.3573,1.5160,0.0595,0.00002003,0.00001907,0.00001907,True,0,0.100862,0.100862,0.167969,0.502839,0.497161
20,9.1044,6.0061,0.3596,1.5159,0.0599,0.00000502,0.00000517,0.00000512,True,0,0.141983,0.141983,0.116071,0.505450,0.494550
