{
  "layer": 8,
  "group_size_results": {
    "32": {
      "k_scale_mean": 0.668095052242279,
      "k_scale_p90": 1.693436861038208,
      "k_scale_p99": 1.7073626518249512,
      "k_scale_max": 1.722397804260254,
      "k_l2_norm_mean": 150.4239044189453,
      "k_l2_norm_p90": 284.9721374511719,
      "k_l2_norm_p99": 286.066650390625,
      "q_abs_mean": 1.569273829460144,
      "q_abs_p99": 16.600303649902344,
      "sample_dot_abs_mean": 30.9368953704834,
      "sample_dot_abs_p99": 545.7791137695312,
      "interval_width_mean": 8.629807472229004,
      "interval_width_p99": 54.708866119384766,
      "fallback_rate": 0.5541597452934662
    },
    "16": {
      "k_scale_mean": 0.34986934065818787,
      "k_scale_p90": 1.6843982934951782,
      "k_scale_p99": 1.7036371231079102,
      "k_scale_max": 1.722397804260254,
      "k_l2_norm_mean": 150.4239044189453,
      "k_l2_norm_p90": 284.9721374511719,
      "k_l2_norm_p99": 286.066650390625,
      "q_abs_mean": 1.569273829460144,
      "q_abs_p99": 16.600303649902344,
      "sample_dot_abs_mean": 30.9368953704834,
      "sample_dot_abs_p99": 545.7791137695312,
      "interval_width_mean": 4.390377044677734,
      "interval_width_p99": 22.84975814819336,
      "fallback_rate": 0.526595376522702
    },
    "8": {
      "k_scale_mean": 0.18922632932662964,
      "k_scale_p90": 0.8973047733306885,
      "k_scale_p99": 1.700878381729126,
      "k_scale_max": 1.722397804260254,
      "k_l2_norm_mean": 150.4239044189453,
      "k_l2_norm_p90": 284.9721374511719,
      "k_l2_norm_p99": 286.066650390625,
      "q_abs_mean": 1.569273829460144,
      "q_abs_p99": 16.600303649902344,
      "sample_dot_abs_mean": 30.9368953704834,
      "sample_dot_abs_p99": 545.7791137695312,
      "interval_width_mean": 2.721411943435669,
      "interval_width_p99": 16.008312225341797,
      "fallback_rate": 0.4427602436323367
    },
    "4": {
      "k_scale_mean": 0.10725554078817368,
      "k_scale_p90": 0.07211241871118546,
      "k_scale_p99": 1.695932388305664,
      "k_scale_max": 1.722397804260254,
      "k_l2_norm_mean": 150.4239044189453,
      "k_l2_norm_p90": 284.9721374511719,
      "k_l2_norm_p99": 286.066650390625,
      "q_abs_mean": 1.569273829460144,
      "q_abs_p99": 16.600303649902344,
      "sample_dot_abs_mean": 30.9368953704834,
      "sample_dot_abs_p99": 545.7791137695312,
      "interval_width_mean": 1.2148405313491821,
      "interval_width_p99": 9.573671340942383,
      "fallback_rate": 0.21503841362126247
    }
  },
  "primary_cause": "large_k_scales"
}