layer,decision,selected_block_size,selected_target_sparsity,selected_local_blocks,selected_aggregation,attention_tile_work_fraction,kept_attention_mass_mean,output_cosine_mean,output_l2_relative_mean,fallback_reason
0,go_practical,16,0.5,0,none,0.5076923076923077,0.9175207018852234,0.9969075322151184,0.03550710901618004,
8,go_strict,16,0.7,0,none,0.3144230769230769,0.9290403127670288,0.9871192574501038,0.06677808612585068,
12,go_strict,16,0.6,0,none,0.4125,0.9114288687705994,0.9899553060531616,0.08749190717935562,
16,go_strict,16,0.7,0,none,0.3144230769230769,0.9793730974197388,0.9837936758995056,0.06581954658031464,
22,quality_only_high_work,16,0.3,0,none,0.7139423076923077,0.9313892722129822,0.995137631893158,0.08676508814096451,
23,conditional_relaxed,16,0.5,0,none,0.5076923076923077,0.8607274889945984,0.9882891774177551,0.13602492213249207,
