layer,pytorch_ms,triton_ms,fp32_ms,speedup_vs_pytorch,speedup_vs_fp32,max_q_diff,max_l_diff,max_u_diff,exact_match,mismatch_count
8,8.5842,5.6708,0.3426,1.5137,0.0604,0.00024414,0.00024414,0.00024414,True,0
12,8.5824,5.6780,0.3402,1.5115,0.0599,0.00000954,0.00000954,0.00000954,True,0
16,8.5947,5.6690,0.3418,1.5161,0.0603,0.00002003,0.00001907,0.00001907,True,0
20,8.8724,5.8528,0.3586,1.5159,0.0613,0.00000502,0.00000517,0.00000512,True,0
