{
  "total_configs": 8,
  "all_violations_zero": true,
  "all_exact_match": true,
  "model_metadata": {
    "model_name": "Qwen/Qwen2.5-0.5B-Instruct",
    "transformers_version": "4.49.0",
    "layer_index": 0,
    "num_query_heads": 14,
    "num_key_value_heads": 2,
    "head_dim": 64,
    "sequence_length": 512,
    "block_size": 32,
    "num_blocks": 16,
    "device": "cpu",
    "dtype": "float32",
    "threshold_source": "reference_oracle"
  },
  "configs": [
    {
      "certificate_type": "actual",
      "target_sparsity": 0.7,
      "actual_sparsity": 0.7647058823529411,
      "valid_tiles": 1904,
      "certificate_violations": 0,
      "naive_mismatch_count": 482,
      "naive_mismatch_rate": 0.25315126050420167,
      "false_drop_count": 163,
      "false_drop_rate": 0.08560924369747899,
      "false_keep_count": 319,
      "false_keep_rate": 0.16754201680672268,
      "certimask_mismatch_count": 0,
      "certimask_match_rate": 1.0,
      "certain_keep_count": 0,
      "certain_drop_count": 15,
      "ambiguous_count": 1889,
      "refinement_rate": 0.9921218487394958,
      "rho_mean": 0.0694844201207161,
      "rho_p50": 0.05442984774708748,
      "rho_p90": 0.15735512971878052,
      "rho_p99": 0.2357901781797409,
      "rho_max": 0.30045613646507263,
      "margin_over_bound_mean": 0.12004727125167847,
      "margin_over_bound_p50": 0.028279228135943413,
      "margin_over_bound_p90": 0.42612046003341675
    },
    {
      "certificate_type": "actual",
      "target_sparsity": 0.8,
      "actual_sparsity": 0.8676470588235294,
      "valid_tiles": 1904,
      "certificate_violations": 0,
      "naive_mismatch_count": 466,
      "naive_mismatch_rate": 0.24474789915966386,
      "false_drop_count": 105,
      "false_drop_rate": 0.05514705882352941,
      "false_keep_count": 361,
      "false_keep_rate": 0.18960084033613445,
      "certimask_mismatch_count": 0,
      "certimask_match_rate": 1.0,
      "certain_keep_count": 0,
      "certain_drop_count": 39,
      "ambiguous_count": 1865,
      "refinement_rate": 0.979516806722689,
      "rho_mean": 0.0694844201207161,
      "rho_p50": 0.05442984774708748,
      "rho_p90": 0.15735512971878052,
      "rho_p99": 0.2357901781797409,
      "rho_max": 0.30045613646507263,
      "margin_over_bound_mean": 0.14155136048793793,
      "margin_over_bound_p50": 0.03393525630235672,
      "margin_over_bound_p90": 0.49320554733276367
    },
    {
      "certificate_type": "actual",
      "target_sparsity": 0.85,
      "actual_sparsity": 0.9044117647058824,
      "valid_tiles": 1904,
      "certificate_violations": 0,
      "naive_mismatch_count": 433,
      "naive_mismatch_rate": 0.22741596638655462,
      "false_drop_count": 71,
      "false_drop_rate": 0.037289915966386554,
      "false_keep_count": 362,
      "false_keep_rate": 0.19012605042016806,
      "certimask_mismatch_count": 0,
      "certimask_match_rate": 1.0,
      "certain_keep_count": 0,
      "certain_drop_count": 52,
      "ambiguous_count": 1852,
      "refinement_rate": 0.9726890756302521,
      "rho_mean": 0.0694844201207161,
      "rho_p50": 0.05442984774708748,
      "rho_p90": 0.15735512971878052,
      "rho_p99": 0.2357901781797409,
      "rho_max": 0.30045613646507263,
      "margin_over_bound_mean": 0.15218931436538696,
      "margin_over_bound_p50": 0.03678172081708908,
      "margin_over_bound_p90": 0.5312904119491577
    },
    {
      "certificate_type": "actual",
      "target_sparsity": 0.9,
      "actual_sparsity": 0.9558823529411765,
      "valid_tiles": 1904,
      "certificate_violations": 0,
      "naive_mismatch_count": 393,
      "naive_mismatch_rate": 0.20640756302521007,
      "false_drop_count": 34,
      "false_drop_rate": 0.017857142857142856,
      "false_keep_count": 359,
      "false_keep_rate": 0.18855042016806722,
      "certimask_mismatch_count": 0,
      "certimask_match_rate": 1.0,
      "certain_keep_count": 0,
      "certain_drop_count": 77,
      "ambiguous_count": 1827,
      "refinement_rate": 0.9595588235294118,
      "rho_mean": 0.0694844201207161,
      "rho_p50": 0.05442984774708748,
      "rho_p90": 0.15735512971878052,
      "rho_p99": 0.2357901781797409,
      "rho_max": 0.30045613646507263,
      "margin_over_bound_mean": 0.17684124410152435,
      "margin_over_bound_p50": 0.04452049732208252,
      "margin_over_bound_p90": 0.6191511750221252
    },
    {
      "certificate_type": "analytic",
      "target_sparsity": 0.7,
      "actual_sparsity": 0.7647058823529411,
      "valid_tiles": 1904,
      "certificate_violations": 0,
      "naive_mismatch_count": 482,
      "naive_mismatch_rate": 0.25315126050420167,
      "false_drop_count": 163,
      "false_drop_rate": 0.08560924369747899,
      "false_keep_count": 319,
      "false_keep_rate": 0.16754201680672268,
      "certimask_mismatch_count": 0,
      "certimask_match_rate": 1.0,
      "certain_keep_count": 0,
      "certain_drop_count": 1,
      "ambiguous_count": 1903,
      "refinement_rate": 0.9994747899159664,
      "rho_mean": 0.03785795345902443,
      "rho_p50": 0.029139313846826553,
      "rho_p90": 0.0861973837018013,
      "rho_p99": 0.13557757437229156,
      "rho_max": 0.17495039105415344,
      "margin_over_bound_mean": 0.0648731142282486,
      "margin_over_bound_p50": 0.015316462144255638,
      "margin_over_bound_p90": 0.23885439336299896
    },
    {
      "certificate_type": "analytic",
      "target_sparsity": 0.8,
      "actual_sparsity": 0.8676470588235294,
      "valid_tiles": 1904,
      "certificate_violations": 0,
      "naive_mismatch_count": 466,
      "naive_mismatch_rate": 0.24474789915966386,
      "false_drop_count": 105,
      "false_drop_rate": 0.05514705882352941,
      "false_keep_count": 361,
      "false_keep_rate": 0.18960084033613445,
      "certimask_mismatch_count": 0,
      "certimask_match_rate": 1.0,
      "certain_keep_count": 0,
      "certain_drop_count": 1,
      "ambiguous_count": 1903,
      "refinement_rate": 0.9994747899159664,
      "rho_mean": 0.03785795345902443,
      "rho_p50": 0.029139313846826553,
      "rho_p90": 0.0861973837018013,
      "rho_p99": 0.13557757437229156,
      "rho_max": 0.17495039105415344,
      "margin_over_bound_mean": 0.07641955465078354,
      "margin_over_bound_p50": 0.018837235867977142,
      "margin_over_bound_p90": 0.274274080991745
    },
    {
      "certificate_type": "analytic",
      "target_sparsity": 0.85,
      "actual_sparsity": 0.9044117647058824,
      "valid_tiles": 1904,
      "certificate_violations": 0,
      "naive_mismatch_count": 433,
      "naive_mismatch_rate": 0.22741596638655462,
      "false_drop_count": 71,
      "false_drop_rate": 0.037289915966386554,
      "false_keep_count": 362,
      "false_keep_rate": 0.19012605042016806,
      "certimask_mismatch_count": 0,
      "certimask_match_rate": 1.0,
      "certain_keep_count": 0,
      "certain_drop_count": 1,
      "ambiguous_count": 1903,
      "refinement_rate": 0.9994747899159664,
      "rho_mean": 0.03785795345902443,
      "rho_p50": 0.029139313846826553,
      "rho_p90": 0.0861973837018013,
      "rho_p99": 0.13557757437229156,
      "rho_max": 0.17495039105415344,
      "margin_over_bound_mean": 0.08214057981967926,
      "margin_over_bound_p50": 0.019698020070791245,
      "margin_over_bound_p90": 0.29234063625335693
    },
    {
      "certificate_type": "analytic",
      "target_sparsity": 0.9,
      "actual_sparsity": 0.9558823529411765,
      "valid_tiles": 1904,
      "certificate_violations": 0,
      "naive_mismatch_count": 393,
      "naive_mismatch_rate": 0.20640756302521007,
      "false_drop_count": 34,
      "false_drop_rate": 0.017857142857142856,
      "false_keep_count": 359,
      "false_keep_rate": 0.18855042016806722,
      "certimask_mismatch_count": 0,
      "certimask_match_rate": 1.0,
      "certain_keep_count": 0,
      "certain_drop_count": 1,
      "ambiguous_count": 1903,
      "refinement_rate": 0.9994747899159664,