{
  "current_full_ms": 6702.373779296875,
  "cached_quant_full_ms": 6698.185791015625,
  "preallocated_quant_full_ms": 5.862720012664795,
  "key_quantization_ms": 4.92086386680603,
  "dense_sdpa_ms": 0.19897599518299103,
  "flash_sdpa_ms": null,
  "mean_attention_tile_work_fraction": 0.3765,
  "ideal_sparse_attention_ms": 0.07491446218639612,
  "current_total_proxy": 6702.448693759062,
  "cached_total_proxy": 5.937634474851191,
  "cached_pipeline_ms": 5.862720012664795,
  "cached_speedup_vs_dense": 0.03393919456381306,
  "current_speedup_proxy_vs_dense": 2.968705980073613e-05,
  "cached_speedup_proxy_vs_dense": 0.03351098758701844,
  "quantization_is_blocker": false,
  "ready_for_sparse_attention_kernel": false,
  "recommended_next_step": "AGLR-C + CertiMask not viable at L=1024. Cached pipeline at 5.86ms vs dense SDPA at 0.20ms (29x overhead). The AGLR-C indexer itself is the bottleneck, not quantization. Try longer contexts (4K/8K) or reduce indexer overhead."
}