{
  "config": {
    "batch_size": 1,
    "num_heads": 14,
    "seq_len": 1024,
    "head_dim": 64,
    "block_size": 8,
    "group_size": 4,
    "dtype": "float16",
    "device": "cuda",
    "warmup": 5,
    "iters": 10,
    "output_dir": "outputs/phase9b_triton_profile"
  },
  "shape": {
    "B": 1,
    "H": 14,
    "L": 1024,
    "D": 64
  },
  "latency_breakdown": {
    "key_quantization": {
      "median": 4.920752048492432,
      "p10": 4.89734411239624,
      "p90": 5.029024124145508,
      "mean": 4.933040046691895,
      "std": 0.04104538905980194
    },
    "triton_score_interval_kernel": {
      "median": 0.8861919939517975,
      "p10": 0.8836159706115723,
      "p90": 0.899071991443634,
      "mean": 0.8881983995437622,
      "std": 0.005044799878033516
    },
    "reference_fp32_aglr_score": {
      "median": 0.3161119967699051,
      "p10": 0.30451199412345886,
      "p90": 0.33792001008987427,
      "mean": 0.31954880356788634,
      "std": 0.010238664149791854
    },
    "topk_reference_mask": {
      "median": 322.79161071777344,
      "p10": 321.13421630859375,
      "p90": 323.470458984375,
      "mean": 322.3500610351563,
      "std": 0.8846951920266533
    },
    "partition_certificate_pytorch": {
      "median": 6776.283935546875,
      "p10": 6740.5009765625,
      "p90": 6882.1123046875,
      "mean": 6786.69892578125,
      "std": 47.72978023910042
    },
    "partition_certificate_fused_triton": {
      "median": 0.09216000139713287,
      "p10": 0.08979199826717377,
      "p90": 0.09833600372076035,
      "mean": 0.09294720068573951,
      "std": 0.002846309685804203
    },
    "fallback_resolution": {
      "median": 0.1408959999680519,
      "p10": 0.13782399892807007,
      "p90": 0.15123200416564941,
      "mean": 0.14242880046367645,
      "std": 0.004354782406231212
    },
    "total_triton_certimask": {
      "median": 7095.608154296875,
      "p10": 7062.744140625,
      "p90": 7178.97216796875,
      "mean": 7098.239697265625,
      "std": 31.430689822521845
    }
  },
  "certificate_fusion": {
    "pytorch_certificate_ms": 6776.283935546875,
    "fused_triton_certificate_ms": 0.09216000139713287,
    "certificate_speedup": 73527.3853387516,
    "decisions_match": true,
    "ambiguous_match": true
  },
  "scoring_only_vs_full": {
    "triton_scoring_only": {
      "median": 0.8889279961585999,
      "p10": 0.8843839764595032,
      "p90": 0.9128959774971008,
      "mean": 0.8918079912662507,
      "std": 0.008280913430733072
    },
    "triton_full_wrapper": {
      "median": 7095.608154296875,
      "p10": 7062.744140625,
      "p90": 7178.97216796875,
      "mean": 7098.239697265625,
      "std": 31.430689822521845
    },
    "wrapper_overhead_ms": 7094.719226300716,
    "wrapper_overhead_fraction": 0.9998747213802075
  },
  "allocation_overhead": {
    "with_allocation": {
      "median": 5.885056018829346,
      "p10": 5.841248035430908,
      "p90": 5.905983924865723,
      "mean": 5.8769055843353275,
      "std": 0.026340163989422908
    },
    "reuse_inputs": {
      "median": 0.8907999992370605,
      "p10": 0.8848320245742798,
      "p90": 0.8947200179100037,
      "mean": 0.8897888123989105,
      "std": 0.003296478230076199
    },
    "allocation_overhead_ms": 4.994256019592285
  },
  "latency_summary": {
    "total_triton_certimask_ms": 7095.608154296875,
    "optimized_total_with_fused_cert_ms": 329.14772275835276,
    "triton_scoring_only_ms": 0.8889279961585999,
    "wrapper_overhead_ms": 7094.719226300716,
    "wrapper_overhead_fraction": 0.9998747213802075,
    "key_quantization_ms": 4.920752048492432,
    "triton_score_interval_kernel_ms": 0.8861919939517975,
    "reference_fp32_aglr_score_ms": 0.3161119967699051,
    "topk_reference_mask_ms": 322.79161071777344,
    "partition_certificate_pytorch_ms": 6776.283935546875,
    "partition_certificate_fused_triton_ms": 0.09216000139713287,
    "certificate_speedup": 73527.3853387516,
    "fallback_resolution_ms": 0.1408959999680519,
    "largest_bottleneck": "partition_certificate",
    "recommended_next_step": "Use fused Triton certificate (73527x speedup). Next bottleneck: topk_reference_mask at 322.792 ms"
  }
}