{
  "config": {
    "batch_size": 1,
    "num_heads": 14,
    "head_dim": 64,
    "block_size": 8,
    "group_size": 4,
    "dtype": "float16",
    "device": "cuda",
    "warmup": 5,
    "iters": 10,
    "seq_lens": [
      1024,
      2048,
      4096,
      8192
    ],
    "output_dir": "outputs/phase9e_long_context_crossover"
  },
  "per_length": [
    {
      "seq_len": 1024,
      "num_blocks": 128,
      "valid_tiles": 115584,
      "total_tiles": 16384,
      "oom": false,
      "dense_sdpa_fp16_ms": {
        "median": 0.04513599909842014,
        "p10": 0.04396799951791763,
        "p90": 0.048608001321554184,
        "mean": 0.045446399971842764,
        "std": 0.0013925459681651477
      },
      "dense_sdpa_fp32_ms": {
        "median": 0.18060799688100815,
        "p10": 0.17772799730300903,
        "p90": 0.18320000171661377,
        "mean": 0.18071679919958114,
        "std": 0.0017927120188069034
      },
      "online_full_with_quant_ms": {
        "median": 7.14681601524353,
        "p10": 7.105760097503662,
        "p90": 7.178431987762451,
        "mean": 7.142259216308593,
        "std": 0.02115232443001538
      },
      "online_full_cached_quant_ms": {
        "median": 1.833072006702423,
        "p10": 1.8115520477294922,
        "p90": 1.860416054725647,
        "mean": 1.8338144183158875,
        "std": 0.01523693228719764
      },
      "optimistic_cached_indexer_ms": {
        "median": 1.0745280385017395,
        "p10": 1.06768000125885,
        "p90": 1.0869760513305664,
        "mean": 1.0753312230110168,
        "std": 0.005342218623456617
      },
      "ideal_sparse_attention_ms": 0.016993703660555182,
      "online_total_proxy_ms": 7.163809718904085,
      "cached_quant_total_proxy_ms": 1.8500657103629783,
      "optimistic_total_proxy_ms": 1.0915217421622947,
      "online_speedup_proxy": 0.006300558064700387,
      "cached_quant_speedup_proxy": 0.024396970791683164,
      "optimistic_speedup_proxy": 0.041351442994627056
    },
    {
      "seq_len": 2048,
      "num_blocks": 256,
      "valid_tiles": 460544,
      "total_tiles": 65536,
      "oom": false,
      "dense_sdpa_fp16_ms": {
        "median": 0.11356800049543381,
        "p10": 0.11241599917411804,
        "p90": 0.11590400338172913,
        "mean": 0.11360320076346397,
        "std": 0.000996001363795034
      },
      "dense_sdpa_fp32_ms": {
        "median": 0.38443200290203094,
        "p10": 0.37785598635673523,
        "p90": 0.39215999841690063,
        "mean": 0.3852063983678818,
        "std": 0.004539295495645855
      },
      "online_full_with_quant_ms": {
        "median": 9.955024242401123,
        "p10": 9.923487663269043,
        "p90": 10.009568214416504,
        "mean": 9.9585599899292,
        "std": 0.025835853308112326
      },
      "online_full_cached_quant_ms": {
        "median": 4.6691200733184814,
        "p10": 4.646111965179443,
        "p90": 4.693664073944092,
        "mean": 4.669440031051636,
        "std": 0.012504801105166505
      },
      "optimistic_cached_indexer_ms": {
        "median": 3.6105120182037354,
        "p10": 3.589792013168335,
        "p90": 3.63321590423584,
        "mean": 3.61082239151001,
        "std": 0.017574469503542613
      },
      "ideal_sparse_attention_ms": 0.04275835218653083,
      "online_total_proxy_ms": 9.997782594587655,
      "cached_quant_total_proxy_ms": 4.711878425505012,
      "optimistic_total_proxy_ms": 3.653270370390266,
      "online_speedup_proxy": 0.011359318871057905,
      "cached_quant_speedup_proxy": 0.024102489546567994,
      "optimistic_speedup_proxy": 0.03108666728197884
    },
    {
      "seq_len": 4096,
      "num_blocks": 512,
      "valid_tiles": 1838592,
      "total_tiles": 262144,
      "oom": false,
      "dense_sdpa_fp16_ms": {
        "median": 0.2611999958753586,
        "p10": 0.256415992975235,
        "p90": 0.2662400007247925,
        "mean": 0.26150399446487427,
        "std": 0.002926637726294525
      },
      "dense_sdpa_fp32_ms": {
        "median": 1.250976026058197,
        "p10": 1.2110400199890137,
        "p90": 1.314784049987793,
        "mean": 1.2550880193710328,
        "std": 0.033403273334965754
      },
      "online_full_with_quant_ms": {
        "median": 25.353808403015137,
        "p10": 25.243648529052734,
        "p90": 25.403968811035156,
        "mean": 25.332431983947753,
        "std": 0.06254640806530362
      },
      "online_full_cached_quant_ms": {
        "median": 19.97659206390381,
        "p10": 19.954015731811523,
        "p90": 19.985952377319336,
        "mean": 19.974035263061523,
        "std": 0.010474572748384968
      },
      "optimistic_cached_indexer_ms": {
        "median": 13.96940803527832,
        "p10": 13.961631774902344,
        "p90": 13.976703643798828,
        "mean": 13.970057582855224,
        "std": 0.004765372041774884
      },
      "ideal_sparse_attention_ms": 0.09834179844707251,
      "online_total_proxy_ms": 25.45215020146221,
      "cached_quant_total_proxy_ms": 20.074933862350882,
      "optimistic_total_proxy_ms": 14.067749833725394,
      "online_speedup_proxy": 0.01026239409275342,
      "cached_quant_speedup_proxy": 0.013011250630579695,
      "optimistic_speedup_proxy": 0.018567290360052422
    },
    {
      "seq_len": 8192,
      "num_blocks": 1024,
      "valid_tiles": 7347200,
      "total_tiles": 1048576,
      "oom": false,
      "dense_sdpa_fp16_ms": {
        "median": 0.7639679908752441,
        "p10": 0.7376319766044617,
        "p90": 0.7780159711837769,
        "mean": 0.7627103924751282,
        "std": 0.011491648349164465
      },
      "dense_sdpa_fp32_ms": {
        "median": 4.245903968811035,
        "p10": 4.156415939331055,
        "p90": 4.323584079742432,
        "mean": 4.242316770553589,
        "std": 0.05852946417957157
      },
      "online_full_with_quant_ms": {
        "median": 97.56241607666016,
        "p10": 97.36812591552734,
        "p90": 98.16454315185547,
        "mean": 97.61545639038086,
        "std": 0.2547145399956175
      },
      "online_full_cached_quant_ms": {
        "median": 92.5821304321289,
        "p10": 92.49807739257812,
        "p90": 92.6714859008789,
        "mean": 92.5833755493164,
        "std": 0.05709829089737833
      },
      "optimistic_cached_indexer_ms": {
        "median": 55.875328063964844,
        "p10": 55.8587532043457,
        "p90": 55.88217544555664,
        "mean": 55.874185943603514,
        "std": 0.007578820600707166
      },
      "ideal_sparse_attention_ms": 0.2876339485645294,
      "online_total_proxy_ms": 97.85005002522469,
      "cached_quant_total_proxy_ms": 92.86976438069344,
      "optimistic_total_proxy_ms": 56.16296201252937,
      "online_speedup_proxy": 0.007807538071552354,
      "cached_quant_speedup_proxy": 0.008226229451208388,
      "optimistic_speedup_proxy": 0.01360270120199164
    }
  ],
  "scaling_exponents": {
    "dense_sdpa_fp16_alpha": 1.3445083719431188,
    "dense_sdpa_fp32_alpha": 1.5367667984938493,
    "online_indexer_alpha": 1.2661564533987755,
    "triton_scoring_alpha": 1.9053304626257892
  },
  "crossover": {
    "first_online_crossover_length": null,
    "first_cached_quant_crossover_length": null,
    "first_optimistic_crossover_length": null
  },
  "readiness": {
    "readiness": "not_viable_at_tested_lengths",
    "ready_for_sparse_attention_kernel": false,
    "recommended_next_step": "No crossover found at tested lengths. Consider even longer contexts or fundamental redesign."
  }
}