{
  "total_configs": 8,
  "all_violations_zero": true,
  "all_exact_match": true,
  "configs": [
    {
      "seed": 42,
      "distribution": "correlated",
      "certificate_type": "actual",
      "target_sparsity": 0.7,
      "actual_sparsity": 0.7084544573643411,
      "valid_tiles": 66048,
      "certificate_violations": 0,
      "naive_mismatch_count": 673,
      "naive_mismatch_rate": 0.010189559108527133,
      "false_drop_count": 79,
      "false_drop_rate": 0.0011960998062015503,
      "false_keep_count": 594,
      "false_keep_rate": 0.008993459302325582,
      "certimask_mismatch_count": 0,
      "certimask_match_rate": 1.0,
      "certain_keep_count": 16312,
      "certain_drop_count": 42361,
      "ambiguous_count": 7375,
      "refinement_rate": 0.11166121608527131,
      "rho_mean": 0.049714624881744385,
      "rho_p50": 0.04198678955435753,
      "rho_p90": 0.10260491073131561,
      "rho_p99": 0.15914659202098846,
      "rho_max": 0.25579920411109924,
      "margin_over_bound_mean": 7.370925426483154,
      "margin_over_bound_p50": 5.448369979858398,
      "margin_over_bound_p90": 13.758443832397461
    },
    {
      "seed": 42,
      "distribution": "correlated",
      "certificate_type": "actual",
      "target_sparsity": 0.8,
      "actual_sparsity": 0.8092296511627907,
      "valid_tiles": 66048,
      "certificate_violations": 0,
      "naive_mismatch_count": 615,
      "naive_mismatch_rate": 0.00931140988372093,
      "false_drop_count": 68,
      "false_drop_rate": 0.0010295542635658916,
      "false_keep_count": 547,
      "false_keep_rate": 0.00828185562015504,
      "certimask_mismatch_count": 0,
      "certimask_match_rate": 1.0,
      "certain_keep_count": 10326,
      "certain_drop_count": 49661,
      "ambiguous_count": 6061,
      "refinement_rate": 0.09176659399224807,
      "rho_mean": 0.049714624881744385,
      "rho_p50": 0.04198678955435753,
      "rho_p90": 0.10260491073131561,
      "rho_p99": 0.15914659202098846,
      "rho_max": 0.25579920411109924,
      "margin_over_bound_mean": 8.584024429321289,
      "margin_over_bound_p50": 6.731114387512207,
      "margin_over_bound_p90": 15.939305305480957
    },
    {
      "seed": 42,
      "distribution": "correlated",
      "certificate_type": "actual",
      "target_sparsity": 0.85,
      "actual_sparsity": 0.8580426356589147,
      "valid_tiles": 66048,
      "certificate_violations": 0,
      "naive_mismatch_count": 611,
      "naive_mismatch_rate": 0.009250847868217055,
      "false_drop_count": 56,
      "false_drop_rate": 0.0008478682170542636,
      "false_keep_count": 555,
      "false_keep_rate": 0.00840297965116279,
      "certimask_mismatch_count": 0,
      "certimask_match_rate": 1.0,
      "certain_keep_count": 7542,
      "certain_drop_count": 53380,
      "ambiguous_count": 5126,
      "refinement_rate": 0.07761022286821706,
      "rho_mean": 0.049714624881744385,
      "rho_p50": 0.04198678955435753,
      "rho_p90": 0.10260491073131561,
      "rho_p99": 0.15914659202098846,
      "rho_max": 0.25579920411109924,
      "margin_over_bound_mean": 9.529216766357422,
      "margin_over_bound_p50": 7.805034637451172,
      "margin_over_bound_p90": 17.4119815826416
    },
    {
      "seed": 42,
      "distribution": "correlated",
      "certificate_type": "actual",
      "target_sparsity": 0.9,
      "actual_sparsity": 0.9084302325581395,
      "valid_tiles": 66048,
      "certificate_violations": 0,
      "naive_mismatch_count": 551,
      "naive_mismatch_rate": 0.008342417635658914,
      "false_drop_count": 27,
      "false_drop_rate": 0.0004087936046511628,
      "false_keep_count": 524,
      "false_keep_rate": 0.007933624031007752,
      "certimask_mismatch_count": 0,
      "certimask_match_rate": 1.0,
      "certain_keep_count": 4896,
      "certain_drop_count": 57272,
      "ambiguous_count": 3880,
      "refinement_rate": 0.05874515503875969,
      "rho_mean": 0.049714624881744385,
      "rho_p50": 0.04198678955435753,
      "rho_p90": 0.10260491073131561,
      "rho_p99": 0.15914659202098846,
      "rho_max": 0.25579920411109924,
      "margin_over_bound_mean": 11.134651184082031,
      "margin_over_bound_p50": 9.495649337768555,
      "margin_over_bound_p90": 19.481332778930664
    },
    {
      "seed": 42,
      "distribution": "correlated",
      "certificate_type": "analytic",
      "target_sparsity": 0.7,
      "actual_sparsity": 0.7084544573643411,
      "valid_tiles": 66048,
      "certificate_violations": 0,
      "naive_mismatch_count": 673,
      "naive_mismatch_rate": 0.010189559108527133,
      "false_drop_count": 79,
      "false_drop_rate": 0.0011960998062015503,
      "false_keep_count": 594,
      "false_keep_rate": 0.008993459302325582,
      "certimask_mismatch_count": 0,
      "certimask_match_rate": 1.0,
      "certain_keep_count": 14240,
      "certain_drop_count": 39828,
      "ambiguous_count": 11980,
      "refinement_rate": 0.18138323643410853,
      "rho_mean": 0.028477875515818596,
      "rho_p50": 0.024049527943134308,
      "rho_p90": 0.05882129818201065,
      "rho_p99": 0.09126712381839752,
      "rho_max": 0.14799091219902039,
      "margin_over_bound_mean": 4.217944145202637,
      "margin_over_bound_p50": 3.1214756965637207,
      "margin_over_bound_p90": 7.866054534912109
    },
    {
      "seed": 42,
      "distribution": "correlated",
      "certificate_type": "analytic",
      "target_sparsity": 0.8,
      "actual_sparsity": 0.8092296511627907,
      "valid_tiles": 66048,
      "certificate_violations": 0,
      "naive_mismatch_count": 615,
      "naive_mismatch_rate": 0.00931140988372093,
      "false_drop_count": 68,
      "false_drop_rate": 0.0010295542635658916,
      "false_keep_count": 547,
      "false_keep_rate": 0.00828185562015504,
      "certimask_mismatch_count": 0,
      "certimask_match_rate": 1.0,
      "certain_keep_count": 8825,
      "certain_drop_count": 47453,
      "ambiguous_count": 9770,
      "refinement_rate": 0.14792272286821706,
      "rho_mean": 0.028477875515818596,
      "rho_p50": 0.024049527943134308,
      "rho_p90": 0.05882129818201065,
      "rho_p99": 0.09126712381839752,
      "rho_max": 0.14799091219902039,
      "margin_over_bound_mean": 4.9123640060424805,
      "margin_over_bound_p50": 3.853309154510498,
      "margin_over_bound_p90": 9.12429428100586
    },
    {
      "seed": 42,
      "distribution": "correlated",
      "certificate_type": "analytic",
      "target_sparsity": 0.85,
      "actual_sparsity": 0.8580426356589147,
      "valid_tiles": 66048,
      "certificate_violations": 0,
      "naive_mismatch_count": 611,
      "naive_mismatch_rate": 0.009250847868217055,
      "false_drop_count": 56,
      "false_drop_rate": 0.0008478682170542636,
      "false_keep_count": 555,
      "false_keep_rate": 0.00840297965116279,
      "certimask_mismatch_count": 0,
      "certimask_match_rate": 1.0,
      "certain_keep_count": 6391,
      "certain_drop_count": 51411,
      "ambiguous_count": 8246,
      "refinement_rate": 0.12484859496124032,
      "rho_mean": 0.028477875515818596,
      "rho_p50": 0.024049527943134308,
      "rho_p90": 0.05882129818201065,
      "rho_p99": 0.09126712381839752,
      "rho_max": 0.14799091219902039,
      "margin_over_bound_mean": 5.453369140625,
      "margin_over_bound_p50": 4.465765953063965,
      "margin_over_bound_p90": 9.955068588256836
    },
    {
      "seed": 42,
      "distribution": "correlated",
      "certificate_type": "analytic",
      "target_sparsity": 0.9,
      "actual_sparsity": 0.9084302325581395,
      "valid_tiles": 66048,
      "certificate_violations": 0,
      "naive_mismatch_count": 551,
      "naive_mismatch_rate": 0.008342417635658914,
      "false_drop_count": 27,
      "false_drop_rate": 0.0004087936046511628,
      "false_keep_count": 524,
      "false_keep_rate": 0.007933624031007752,
      "certimask_mismatch_count": 0,
      "certimask_match_rate": 1.0,
      "certain_keep_count": 4115,