mask_type,mean_kept_mass,mean_cosine,mean_l2_rel
mean_pooled_score,0.06311274878680706,0.07882096618413925,0.9396815299987793
oracle_block_mass,0.10048089176416397,0.12196309119462967,0.903141975402832
local_window,0.12129681557416916,0.12980244308710098,0.881399393081665
random,0.0771365724503994,0.1029663048684597,0.9299649894237518
