{
  "model_metadata": {
    "model_name": "Qwen/Qwen2.5-0.5B-Instruct",
    "transformers_version": "4.49.0",
    "layer_index": 0,
    "num_query_heads": 14,
    "num_key_value_heads": 2,
    "head_dim": 64,
    "sequence_length": 512,
    "block_size": 32,
    "num_blocks": 16,
    "device": "cpu",
    "dtype": "float32",
    "threshold_source": "reference_oracle"
  },
  "actual_sparsity": 0.9044117647058824,
  "naive_mismatch_rate": 0.15283613445378152,
  "naive_mismatch_count": 291,
  "valid_tiles": 1904,
  "refinement_decomposition": {
    "naive_mismatch_rate": 0.15283613445378152,
    "oracle_crossing_rate": 0.11659663865546219,
    "actual_refinement_rate": 0.9611344537815126,
    "analytic_refinement_rate": 0.9994747899159664
  },
  "certimask_match_rate_actual": 1.0,
  "certimask_match_rate_analytic": 1.0,
  "score_distribution": {
    "std": 215.16012573242188,
    "mean": 257.75335693359375,
    "p01": 32.77299118041992,
    "p10": 88.79920959472656,
    "p50": 150.91934204101562,
    "p90": 496.74456787109375,
    "p99": 900.6246948242188,
    "abs_p50": 150.91934204101562,
    "abs_p90": 496.74456787109375,
    "abs_p99": 900.6246948242188
  },
  "threshold_distribution": {
    "mean": 260.84735107421875,
    "std": 216.46978759765625,
    "p10": 93.3031997680664,
    "p50": 152.71958923339844,
    "p90": 499.3612976074219
  },
  "error_quantiles": {
    "p50": 1.521514892578125,
    "p90": 4.273779392242432,
    "p99": 7.01816463470459
  },
  "actual_bound_quantiles": {
    "p50": 31.126705169677734,
    "p90": 41.521888732910156,
    "p99": 73.73726654052734
  },
  "analytic_bound_quantiles": {
    "p50": 59.68663024902344,
    "p90": 75.22854614257812,
    "p99": 142.20582580566406
  },
  "margin_quantiles": {
    "p10": 0.0,
    "p50": 1.9561233520507812,
    "p90": 8.815755844116211
  },
  "bound_inflation_actual": {
    "p50": 18.305513381958008,
    "p90": 100.73292541503906,
    "p99": 757.3088989257812
  },
  "bound_inflation_analytic": {
    "p50": 34.45098114013672,
    "p90": 196.193359375,
    "p99": 1416.7041015625
  },
  "error_to_margin": {
    "p50": 0.8567910194396973,
    "p90": 3666880.5,
    "p99": 38188508.0
  },
  "margin_to_actual_bound": {
    "p50": 0.05937964469194412,
    "p90": 0.5538591146469116,
    "p99": 1.2477843761444092
  },
  "margin_to_analytic_bound": {
    "p50": 0.03184467554092407,
    "p90": 0.30021607875823975,
    "p99": 0.6733505129814148
  },
  "row_subsets": [
    {
      "label": ">=1 valid keys",
      "num_rows": 224,
      "naive_mismatch_rate": 0.15283613445378152,
      "oracle_crossing_rate": 0.11659663865546219,
      "actual_refinement_rate": 0.9611344537815126,
      "analytic_refinement_rate": 0.9994747899159664,
      "actual_sparsity": 0.9044117647058824
    },
    {
      "label": ">=4 valid keys",
      "num_rows": 182,
      "naive_mismatch_rate": 0.15164835164835164,
      "oracle_crossing_rate": 0.11978021978021978,
      "actual_refinement_rate": 0.9593406593406594,
      "analytic_refinement_rate": 0.9994505494505495,
      "actual_sparsity": 0.9
    },
    {
      "label": ">=8 valid keys",
      "num_rows": 126,
      "naive_mismatch_rate": 0.1488095238095238,
      "oracle_crossing_rate": 0.12235449735449735,
      "actual_refinement_rate": 0.955026455026455,
      "analytic_refinement_rate": 0.9993386243386243,
      "actual_sparsity": 0.8888888888888888
    },
    {
      "label": ">=16 valid keys",
      "num_rows": 14,
      "naive_mismatch_rate": 0.16964285714285715,
      "oracle_crossing_rate": 0.13839285714285715,
      "actual_refinement_rate": 0.9330357142857143,
      "analytic_refinement_rate": 0.9955357142857143,
      "actual_sparsity": 0.875
    }
  ]
}