{
  "oracle_at_85_quality": {
    "mean_kept_mass": 0.10860066985090573,
    "mean_cosine": 0.13661697506904602,
    "mean_l2_rel": 0.90263299147288
  },
  "mean_pooled_at_85_quality": {
    "mean_kept_mass": 0.06379697285592556,
    "mean_cosine": 0.08795130501190822,
    "mean_l2_rel": 0.9410845438639323
  },
  "local_window_at_85_quality": {
    "mean_kept_mass": 0.12730461110671362,
    "mean_cosine": 0.13833320637543997,
    "mean_l2_rel": 0.877482016881307
  },
  "random_at_85_quality": {
    "mean_kept_mass": 0.07926247641444206,
    "mean_cosine": 0.12712452684839567,
    "mean_l2_rel": 0.9326871931552887
  },
  "primary_failure_mode": "sparsity_or_block_size_too_aggressive",
  "recommended_next_step": "reduce_target_sparsity_or_block_size"
}