{
  "all_violations_zero": true,
  "all_exact_match": true,
  "layer_best": {
    "7": {
      "best_group_size": 4,
      "best_refinement_rate": 0.07118818681318681,
      "best_naive_mismatch": 0.01569368131868132,
      "violations": 0,
      "exact_match": 1.0
    },
    "13": {
      "best_group_size": 4,
      "best_refinement_rate": 0.08296703296703296,
      "best_naive_mismatch": 0.01833791208791209,
      "violations": 0,
      "exact_match": 1.0
    },
    "14": {
      "best_group_size": 4,
      "best_refinement_rate": 0.0875,
      "best_naive_mismatch": 0.019574175824175824,
      "violations": 0,
      "exact_match": 1.0
    },
    "15": {
      "best_group_size": 4,
      "best_refinement_rate": 0.08708791208791208,
      "best_naive_mismatch": 0.0167239010989011,
      "violations": 0,
      "exact_match": 1.0
    },
    "16": {
      "best_group_size": 4,
      "best_refinement_rate": 0.08598901098901099,
      "best_naive_mismatch": 0.016346153846153847,
      "violations": 0,
      "exact_match": 1.0
    },
    "21": {
      "best_group_size": 4,
      "best_refinement_rate": 0.10298763736263736,
      "best_naive_mismatch": 0.018200549450549452,
      "violations": 0,
      "exact_match": 1.0
    }
  },
  "converted_to_go": [
    7,
    13,
    14,
    15,
    16,
    21
  ],
  "still_conditional": [],
  "still_fallback": []
}