{
  "total_configs": 8,
  "all_violations_zero": true,
  "all_exact_match": true,
  "configs": [
    {
      "seed": 42,
      "distribution": "normal",
      "certificate_type": "actual",
      "target_sparsity": 0.7,
      "actual_sparsity": 0.7084544573643411,
      "valid_tiles": 66048,
      "certificate_violations": 0,
      "naive_mismatch_count": 692,
      "naive_mismatch_rate": 0.010477228682170542,
      "false_drop_count": 83,
      "false_drop_rate": 0.0012566618217054264,
      "false_keep_count": 609,
      "false_keep_rate": 0.009220566860465117,
      "certimask_mismatch_count": 0,
      "certimask_match_rate": 1.0,
      "certain_keep_count": 16024,
      "certain_drop_count": 42397,
      "ambiguous_count": 7627,
      "refinement_rate": 0.1154766230620155,
      "rho_mean": 0.049887899309396744,
      "rho_p50": 0.04225342720746994,
      "rho_p90": 0.10270918160676956,
      "rho_p99": 0.16010062396526337,
      "rho_max": 0.2843954265117645,
      "margin_over_bound_mean": 6.242016315460205,
      "margin_over_bound_p50": 5.273826599121094,
      "margin_over_bound_p90": 13.021084785461426
    },
    {
      "seed": 42,
      "distribution": "normal",
      "certificate_type": "actual",
      "target_sparsity": 0.8,
      "actual_sparsity": 0.8092296511627907,
      "valid_tiles": 66048,
      "certificate_violations": 0,
      "naive_mismatch_count": 645,
      "naive_mismatch_rate": 0.009765625,
      "false_drop_count": 53,
      "false_drop_rate": 0.0008024467054263566,
      "false_keep_count": 592,
      "false_keep_rate": 0.008963178294573644,
      "certimask_mismatch_count": 0,
      "certimask_match_rate": 1.0,
      "certain_keep_count": 10255,
      "certain_drop_count": 49614,
      "ambiguous_count": 6179,
      "refinement_rate": 0.0935531734496124,
      "rho_mean": 0.049887899309396744,
      "rho_p50": 0.04225342720746994,
      "rho_p90": 0.10270918160676956,
      "rho_p99": 0.16010062396526337,
      "rho_max": 0.2843954265117645,
      "margin_over_bound_mean": 7.3727498054504395,
      "margin_over_bound_p50": 6.428919792175293,
      "margin_over_bound_p90": 15.027912139892578
    },
    {
      "seed": 42,
      "distribution": "normal",
      "certificate_type": "actual",
      "target_sparsity": 0.85,
      "actual_sparsity": 0.8580426356589147,
      "valid_tiles": 66048,
      "certificate_violations": 0,
      "naive_mismatch_count": 628,
      "naive_mismatch_rate": 0.009508236434108527,
      "false_drop_count": 45,
      "false_drop_rate": 0.0006813226744186047,
      "false_keep_count": 583,
      "false_keep_rate": 0.008826913759689923,
      "certimask_mismatch_count": 0,
      "certimask_match_rate": 1.0,
      "certain_keep_count": 7432,
      "certain_drop_count": 53277,
      "ambiguous_count": 5339,
      "refinement_rate": 0.08083515019379844,
      "rho_mean": 0.049887899309396744,
      "rho_p50": 0.04225342720746994,
      "rho_p90": 0.10270918160676956,
      "rho_p99": 0.16010062396526337,
      "rho_max": 0.2843954265117645,
      "margin_over_bound_mean": 8.266282081604004,
      "margin_over_bound_p50": 7.433116912841797,
      "margin_over_bound_p90": 16.419078826904297
    },
    {
      "seed": 42,
      "distribution": "normal",
      "certificate_type": "actual",
      "target_sparsity": 0.9,
      "actual_sparsity": 0.9084302325581395,
      "valid_tiles": 66048,
      "certificate_violations": 0,
      "naive_mismatch_count": 573,
      "naive_mismatch_rate": 0.008675508720930232,
      "false_drop_count": 38,
      "false_drop_rate": 0.0005753391472868218,
      "false_keep_count": 535,
      "false_keep_rate": 0.008100169573643411,
      "certimask_mismatch_count": 0,
      "certimask_match_rate": 1.0,
      "certain_keep_count": 4646,
      "certain_drop_count": 57100,
      "ambiguous_count": 4302,
      "refinement_rate": 0.0651344476744186,
      "rho_mean": 0.049887899309396744,
      "rho_p50": 0.04225342720746994,
      "rho_p90": 0.10270918160676956,
      "rho_p99": 0.16010062396526337,
      "rho_max": 0.2843954265117645,
      "margin_over_bound_mean": 9.54251480102539,
      "margin_over_bound_p50": 8.896437644958496,
      "margin_over_bound_p90": 18.17302894592285
    },
    {
      "seed": 42,
      "distribution": "normal",
      "certificate_type": "analytic",
      "target_sparsity": 0.7,
      "actual_sparsity": 0.7084544573643411,
      "valid_tiles": 66048,
      "certificate_violations": 0,
      "naive_mismatch_count": 692,
      "naive_mismatch_rate": 0.010477228682170542,
      "false_drop_count": 83,
      "false_drop_rate": 0.0012566618217054264,
      "false_keep_count": 609,
      "false_keep_rate": 0.009220566860465117,
      "certimask_mismatch_count": 0,
      "certimask_match_rate": 1.0,
      "certain_keep_count": 14007,
      "certain_drop_count": 39698,
      "ambiguous_count": 12343,
      "refinement_rate": 0.18687923934108527,
      "rho_mean": 0.02855508029460907,
      "rho_p50": 0.024185363203287125,
      "rho_p90": 0.05878584831953049,
      "rho_p99": 0.09197303652763367,
      "rho_max": 0.16476431488990784,
      "margin_over_bound_mean": 3.569499969482422,
      "margin_over_bound_p50": 3.017895221710205,
      "margin_over_bound_p90": 7.456851482391357
    },
    {
      "seed": 42,
      "distribution": "normal",
      "certificate_type": "analytic",
      "target_sparsity": 0.8,
      "actual_sparsity": 0.8092296511627907,
      "valid_tiles": 66048,
      "certificate_violations": 0,
      "naive_mismatch_count": 645,
      "naive_mismatch_rate": 0.009765625,
      "false_drop_count": 53,
      "false_drop_rate": 0.0008024467054263566,
      "false_keep_count": 592,
      "false_keep_rate": 0.008963178294573644,
      "certimask_mismatch_count": 0,
      "certimask_match_rate": 1.0,
      "certain_keep_count": 8674,
      "certain_drop_count": 47292,
      "ambiguous_count": 10082,
      "refinement_rate": 0.15264656007751937,
      "rho_mean": 0.02855508029460907,
      "rho_p50": 0.024185363203287125,
      "rho_p90": 0.05878584831953049,
      "rho_p99": 0.09197303652763367,
      "rho_max": 0.16476431488990784,
      "margin_over_bound_mean": 4.215949058532715,
      "margin_over_bound_p50": 3.6829731464385986,
      "margin_over_bound_p90": 8.585132598876953
    },
    {
      "seed": 42,
      "distribution": "normal",
      "certificate_type": "analytic",
      "target_sparsity": 0.85,
      "actual_sparsity": 0.8580426356589147,
      "valid_tiles": 66048,
      "certificate_violations": 0,
      "naive_mismatch_count": 628,
      "naive_mismatch_rate": 0.009508236434108527,
      "false_drop_count": 45,
      "false_drop_rate": 0.0006813226744186047,
      "false_keep_count": 583,
      "false_keep_rate": 0.008826913759689923,
      "certimask_mismatch_count": 0,
      "certimask_match_rate": 1.0,
      "certain_keep_count": 6122,
      "certain_drop_count": 51342,
      "ambiguous_count": 8584,
      "refinement_rate": 0.12996608527131784,
      "rho_mean": 0.02855508029460907,
      "rho_p50": 0.024185363203287125,
      "rho_p90": 0.05878584831953049,
      "rho_p99": 0.09197303652763367,
      "rho_max": 0.16476431488990784,
      "margin_over_bound_mean": 4.726706027984619,
      "margin_over_bound_p50": 4.2529401779174805,
      "margin_over_bound_p90": 9.38082504272461
    },
    {
      "seed": 42,
      "distribution": "normal",
      "certificate_type": "analytic",
      "target_sparsity": 0.9,
      "actual_sparsity": 0.9084302325581395,
      "valid_tiles": 66048,
      "certificate_violations": 0,
      "naive_mismatch_count": 573,
      "naive_mismatch_rate": 0.008675508720930232,
      "false_drop_count": 38,
      "false_drop_rate": 0.0005753391472868218,
      "false_keep_count": 535,
      "false_keep_rate": 0.008100169573643411,
      "certimask_mismatch_count": 0,
      "certimask_match_rate": 1.0,
      "certain_keep_count": 3777,
      "certain_drop_count": 55478,