{
  "all_exact_match": true,
  "total_mismatch_count": 0,
  "mean_attention_tile_work_fraction": 0.3765241440568476,
  "mean_kept_mass": 0.9113240167498589,
  "mean_cosine": 0.9847317859530449,
  "mean_l2": 0.10548787408818801,
  "mean_fp_score_fallback_fraction": 0.19147618470837946,
  "weighted_mean_fp_score_fallback_fraction": 0.19147618470837946,
  "mean_indexer_proxy_c025": 0.39360713853128465,
  "mean_indexer_proxy_c050": 0.5957380923541897,
  "attention_tile_savings_proxy": 0.6234758559431524,
  "fp_score_savings_proxy": 0.8085238152916205,
  "high_fallback_layers": [
    0,
    1,
    2
  ],
  "unsupported_layers": [
    2
  ],
  "fallback_quality_layers": [],
  "strict_layers": [
    3,
    7,
    8,
    9,
    11,
    12,
    13,
    14,
    15,
    16,
    17,
    18,
    19,
    20,
    21
  ],
  "practical_layers": [
    2,
    4,
    5,
    6,
    10
  ],
  "relaxed_layers": [
    0,
    1,
    23
  ],
  "quality_only_layers": [
    22
  ],
  "readiness": "ready_for_triton_prototype",
  "recommended_next_step": "Proceed to Triton kernel prototype for sparse attention + INT8 K scoring"
}