{
  "model_metadata": {
    "model_name": "Qwen/Qwen2.5-0.5B-Instruct",
    "transformers_version": "4.49.0",
    "layer_index": 23,
    "num_query_heads": 14,
    "num_key_value_heads": 2,
    "head_dim": 64,
    "sequence_length": 1024,
    "block_size": 16,
    "num_blocks": 64,
    "device": "cpu",
    "dtype": "float32",
    "threshold_source": "reference_oracle"
  },
  "actual_sparsity": 0.8658653846153846,
  "naive_mismatch_rate": 0.019539835164835165,
  "naive_mismatch_count": 569,
  "valid_tiles": 29120,
  "refinement_decomposition": {
    "naive_mismatch_rate": 0.019539835164835165,
    "oracle_crossing_rate": 0.0040178571428571425,
    "actual_refinement_rate": 0.1676510989010989,
    "analytic_refinement_rate": 0.27098214285714284
  },
  "certimask_match_rate_actual": 1.0,
  "certimask_match_rate_analytic": 1.0,
  "score_distribution": {
    "std": 3.855163812637329,
    "mean": 1.3231526613235474,
    "p01": -10.416057586669922,
    "p10": -3.1077232360839844,
    "p50": 1.9032796621322632,
    "p90": 5.258854389190674,
    "p99": 8.471901893615723,
    "abs_p50": 2.610809326171875,
    "abs_p90": 7.0159382820129395,
    "abs_p99": 10.601471900939941
  },
  "threshold_distribution": {
    "mean": 2.764913558959961,
    "std": 3.651627779006958,
    "p10": -1.2717839479446411,
    "p50": 3.307122230529785,
    "p90": 6.175144195556641
  },
  "error_quantiles": {
    "p50": 0.020965576171875,
    "p90": 0.06727583706378937,
    "p99": 0.14538097381591797
  },
  "actual_bound_quantiles": {
    "p50": 0.3271546959877014,
    "p90": 0.6711625456809998,
    "p99": 1.185927391052246
  },
  "analytic_bound_quantiles": {
    "p50": 0.5744152069091797,
    "p90": 1.1731096506118774,
    "p99": 2.0619547367095947
  },
  "margin_quantiles": {
    "p10": 0.19734612107276917,
    "p50": 1.3829727172851562,
    "p90": 3.343554973602295
  },
  "bound_inflation_actual": {
    "p50": 16.472806930541992,
    "p90": 89.52333068847656,
    "p99": 904.1087646484375
  },
  "bound_inflation_analytic": {
    "p50": 28.944408416748047,
    "p90": 158.1831512451172,
    "p99": 1601.730224609375
  },
  "error_to_margin": {
    "p50": 0.016420409083366394,
    "p90": 0.13741348683834076,
    "p99": 272270.34375
  },
  "margin_to_actual_bound": {
    "p50": 3.547301769256592,
    "p90": 10.644606590270996,
    "p99": 16.675168991088867
  },
  "margin_to_analytic_bound": {
    "p50": 2.016063690185547,
    "p90": 6.062454700469971,
    "p99": 9.367578506469727
  },
  "row_subsets": [
    {
      "label": ">=1 valid keys",
      "num_rows": 896,
      "naive_mismatch_rate": 0.019539835164835165,
      "oracle_crossing_rate": 0.0040178571428571425,
      "actual_refinement_rate": 0.1676510989010989,
      "analytic_refinement_rate": 0.27098214285714284,
      "actual_sparsity": 0.8658653846153846
    },
    {
      "label": ">=4 valid keys",
      "num_rows": 854,
      "naive_mismatch_rate": 0.018804243008678882,
      "oracle_crossing_rate": 0.004029480644716903,
      "actual_refinement_rate": 0.16627634660421545,
      "analytic_refinement_rate": 0.2696308031409285,
      "actual_sparsity": 0.8654773384763741
    },
    {
      "label": ">=8 valid keys",
      "num_rows": 798,
      "naive_mismatch_rate": 0.018448900027847395,
      "oracle_crossing_rate": 0.004072681704260651,
      "actual_refinement_rate": 0.16443887496519075,
      "analytic_refinement_rate": 0.26792676134781396,
      "actual_sparsity": 0.8645224171539961
    },
    {
      "label": ">=16 valid keys",
      "num_rows": 686,
      "naive_mismatch_rate": 0.017018950437317784,
      "oracle_crossing_rate": 0.004008746355685131,
      "actual_refinement_rate": 0.16282798833819243,
      "analytic_refinement_rate": 0.2661807580174927,
      "actual_sparsity": 0.863265306122449
    }
  ]
}