{
  "total_triton_certimask_ms": 6712.25048828125,
  "optimized_total_with_fused_cert_ms": 6.442543890327215,
  "triton_scoring_only_ms": 0.8906719982624054,
  "wrapper_overhead_ms": 6711.359816282988,
  "wrapper_overhead_fraction": 0.9998673065017736,
  "key_quantization_ms": 4.805631875991821,
  "triton_score_interval_kernel_ms": 0.889488011598587,
  "reference_fp32_aglr_score_ms": 0.3590079993009567,
  "topk_reference_mask_loop_ms": 321.45751953125,
  "topk_reference_mask_vectorized_ms": 0.15635200589895248,
  "topk_mask_speedup": 2055.9858997843767,
  "topk_mask_exact_match": true,
  "partition_certificate_pytorch_ms": 6705.2216796875,
  "partition_certificate_fused_triton_ms": 0.09204800054430962,
  "certificate_speedup": 72844.83791106113,
  "fallback_resolution_ms": 0.14001599699258804,
  "largest_bottleneck": "partition_certificate",
  "recommended_next_step": "Use fused Triton certificate (72845x speedup) + vectorized topk (2056x speedup). Next bottleneck: key_quantization at 4.806 ms"
}